read_id	kraken_status	kraken_genus	kraken_species	true_genus	true_species	predicted_genus	predicted_species	is_correct_genus	score	margin	top_hit_genera	top_hit_genera_with_scores
NZ_AP040262.1-115221	U	-	-	Salmonella	enterica	Pseudomonas	aeruginosa	False	3.453927	0.5691	Klebsiella; Pseudomonas; Pseudomonas; Pseudomonas; Pseudomonas; Pseudomonas; Pseudomonas; Pseudomonas; Klebsiella; Klebsiella	Klebsiella:0.5087 | Pseudomonas:0.4966 | Pseudomonas:0.495 | Pseudomonas:0.4932 | Pseudomonas:0.4928 | Pseudomonas:0.4928 | Pseudomonas:0.4928 | Pseudomonas:0.4905 | Klebsiella:0.4901 | Klebsiella:0.4895
NZ_AP040262.1-209892	U	-	-	Salmonella	enterica	Klebsiella	pneumoniae	False	2.496872	0.3961	Salmonella; Salmonella; Escherichia; Klebsiella; Klebsiella; Klebsiella; Salmonella; Klebsiella; Escherichia; Klebsiella	Salmonella:0.5049 | Salmonella:0.5033 | Escherichia:0.5026 | Klebsiella:0.5009 | Klebsiella:0.5007 | Klebsiella:0.4997 | Salmonella:0.4996 | Klebsiella:0.4985 | Escherichia:0.4983 | Klebsiella:0.4971
NZ_AP040262.1-319089	U	-	-	Salmonella	enterica	Streptococcus		False	3.497762	0.6676	Streptococcus; Streptococcus; Streptococcus; Acinetobacter; Streptococcus; Salmonella; Escherichia; Acinetobacter; Streptococcus; Streptococcus	Streptococcus:0.5909 | Streptococcus:0.5847 | Streptococcus:0.5847 | Acinetobacter:0.5837 | Streptococcus:0.5819 | Salmonella:0.5809 | Escherichia:0.5808 | Acinetobacter:0.5788 | Streptococcus:0.5779 | Streptococcus:0.5776
NZ_AP040266.1-161846	U	-	-	Salmonella	enterica	Pseudomonas	aeruginosa	False	3.027552	0.5015	Pseudomonas; Pseudomonas; Klebsiella; Pseudomonas; Escherichia; Pseudomonas; Pseudomonas; Klebsiella; Pseudomonas; Klebsiella	Pseudomonas:0.5095 | Pseudomonas:0.5068 | Klebsiella:0.5063 | Pseudomonas:0.504 | Escherichia:0.5037 | Pseudomonas:0.5034 | Pseudomonas:0.5022 | Klebsiella:0.5018 | Pseudomonas:0.5017 | Klebsiella:0.5011
NZ_AP040266.1-175201	U	-	-	Salmonella	enterica	Streptococcus		False	1.800818	0.2351	Acinetobacter; Staphylococcus; Streptococcus; Streptococcus; Streptococcus; Escherichia; Acinetobacter; Streptococcus; Staphylococcus; Acinetobacter	Acinetobacter:0.4793 | Staphylococcus:0.453 | Streptococcus:0.4505 | Streptococcus:0.4505 | Streptococcus:0.4504 | Escherichia:0.4503 | Acinetobacter:0.4497 | Streptococcus:0.4494 | Staphylococcus:0.4494 | Acinetobacter:0.4484
NZ_AP040266.1-18690	U	-	-	Salmonella	enterica	Escherichia	coli	False	2.244731	0.2008	Escherichia; Salmonella; Escherichia; Escherichia; Salmonella; Listeria; Salmonella; Salmonella; Escherichia; Escherichia	Escherichia:0.4532 | Salmonella:0.4528 | Escherichia:0.4512 | Escherichia:0.4497 | Salmonella:0.4477 | Listeria:0.4477 | Salmonella:0.4475 | Salmonella:0.446 | Escherichia:0.4457 | Escherichia:0.4449
NZ_AP040266.1-198549	U	-	-	Salmonella	enterica	Listeria	monocytogenes	False	1.369584	0.0027	Listeria; Staphylococcus; Escherichia; Salmonella; Staphylococcus; Listeria; Escherichia; Escherichia; Listeria; Klebsiella	Listeria:0.4627 | Staphylococcus:0.4621 | Escherichia:0.4586 | Salmonella:0.4577 | Staphylococcus:0.4572 | Listeria:0.454 | Escherichia:0.4537 | Escherichia:0.4537 | Listeria:0.4528 | Klebsiella:0.4527
NZ_AP040266.1-240988	U	-	-	Salmonella	enterica	Klebsiella	pneumoniae	False	2.547307	0.6017	Klebsiella; Pseudomonas; Klebsiella; Klebsiella; Escherichia; Klebsiella; Klebsiella; Pseudomonas; Salmonella; Escherichia	Klebsiella:0.5176 | Pseudomonas:0.5095 | Klebsiella:0.5095 | Klebsiella:0.5091 | Escherichia:0.5084 | Klebsiella:0.5056 | Klebsiella:0.5055 | Pseudomonas:0.5051 | Salmonella:0.5046 | Escherichia:0.5041
NZ_AP040266.1-252444	U	-	-	Salmonella	enterica	Staphylococcus	aureus	False	2.906161	0.3389	Staphylococcus; Staphylococcus; Staphylococcus; Streptococcus; Streptococcus; Staphylococcus; Staphylococcus; Streptococcus; Staphylococcus; Streptococcus	Staphylococcus:0.4905 | Staphylococcus:0.4905 | Staphylococcus:0.4891 | Streptococcus:0.4859 | Streptococcus:0.4816 | Staphylococcus:0.4799 | Staphylococcus:0.4794 | Streptococcus:0.4773 | Staphylococcus:0.4767 | Streptococcus:0.4763
NZ_AP040266.1-295261	U	-	-	Salmonella	enterica	Mycobacterium	tuberculosis	False	2.467364	0.6017	Pseudomonas; Mycobacterium; Mycobacterium; Klebsiella; Mycobacterium; Salmonella; Mycobacterium; Mycobacterium; Klebsiella; Escherichia	Pseudomonas:0.4969 | Mycobacterium:0.4965 | Mycobacterium:0.4965 | Klebsiella:0.4951 | Mycobacterium:0.495 | Salmonella:0.4912 | Mycobacterium:0.4908 | Mycobacterium:0.4886 | Klebsiella:0.4876 | Escherichia:0.4875
NZ_AP040266.1-48661	U	-	-	Salmonella	enterica	Streptococcus		False	4.363144	0.8879	Streptococcus; Streptococcus; Listeria; Streptococcus; Streptococcus; Streptococcus; Streptococcus; Streptococcus; Streptococcus; Streptococcus	Streptococcus:0.4952 | Streptococcus:0.4912 | Listeria:0.489 | Streptococcus:0.487 | Streptococcus:0.4842 | Streptococcus:0.4831 | Streptococcus:0.4817 | Streptococcus:0.4812 | Streptococcus:0.4805 | Streptococcus:0.479
NZ_AP040266.1-76757	U	-	-	Salmonella	enterica	Listeria	monocytogenes	False	2.422033	0.6036	Acinetobacter; Listeria; Listeria; Listeria; Listeria; Listeria; Salmonella; Escherichia; Streptococcus; Streptococcus	Acinetobacter:0.49 | Listeria:0.4887 | Listeria:0.4887 | Listeria:0.4823 | Listeria:0.4811 | Listeria:0.4811 | Salmonella:0.481 | Escherichia:0.4805 | Streptococcus:0.4805 | Streptococcus:0.4795
NZ_AP040266.1-92744	U	-	-	Salmonella	enterica	Streptococcus	pneumoniae	False	2.609535	0.2062	Streptococcus; Streptococcus; Streptococcus; Acinetobacter; Streptococcus; Streptococcus; Acinetobacter; Acinetobacter; Acinetobacter; Listeria	Streptococcus:0.5315 | Streptococcus:0.521 | Streptococcus:0.52 | Acinetobacter:0.5197 | Streptococcus:0.5187 | Streptococcus:0.5184 | Acinetobacter:0.5175 | Acinetobacter:0.5171 | Acinetobacter:0.5171 | Listeria:0.5168
NZ_CP174491.1-160165	U	-	-	Salmonella	enterica	Escherichia	coli	False	1.891248	0.4954	Klebsiella; Mycobacterium; Pseudomonas; Pseudomonas; Klebsiella; Escherichia; Escherichia; Mycobacterium; Escherichia; Escherichia	Klebsiella:0.4805 | Mycobacterium:0.4768 | Pseudomonas:0.4743 | Pseudomonas:0.4743 | Klebsiella:0.4739 | Escherichia:0.4739 | Escherichia:0.473 | Mycobacterium:0.4724 | Escherichia:0.4722 | Escherichia:0.4722
NZ_CP174491.1-168508	U	-	-	Salmonella	enterica	Klebsiella	pneumoniae	False	2.524904	0.2047	Klebsiella; Klebsiella; Klebsiella; Klebsiella; Salmonella; Salmonella; Klebsiella; Salmonella; Escherichia; Salmonella	Klebsiella:0.5059 | Klebsiella:0.5057 | Klebsiella:0.5055 | Klebsiella:0.5052 | Salmonella:0.5038 | Salmonella:0.5025 | Klebsiella:0.5025 | Salmonella:0.5021 | Escherichia:0.5002 | Salmonella:0.4996
NZ_CP174491.1-237710	U	-	-	Salmonella	enterica	Acinetobacter	baumannii	False	2.310051	0.3846	Listeria; Listeria; Listeria; Streptococcus; Acinetobacter; Acinetobacter; Staphylococcus; Acinetobacter; Acinetobacter; Acinetobacter	Listeria:0.4795 | Listeria:0.4741 | Listeria:0.468 | Streptococcus:0.4656 | Acinetobacter:0.4631 | Acinetobacter:0.4631 | Staphylococcus:0.4618 | Acinetobacter:0.4614 | Acinetobacter:0.4614 | Acinetobacter:0.461
NZ_CP174491.1-321941	U	-	-	Salmonella	enterica	Staphylococcus	aureus	False	3.241292	0.5818	Staphylococcus; Staphylococcus; Staphylococcus; Staphylococcus; Staphylococcus; Staphylococcus; Staphylococcus; Salmonella; Salmonella; Salmonella	Staphylococcus:0.4659 | Staphylococcus:0.4659 | Staphylococcus:0.4659 | Staphylococcus:0.4609 | Staphylococcus:0.4609 | Staphylococcus:0.4609 | Staphylococcus:0.4609 | Salmonella:0.4554 | Salmonella:0.4535 | Salmonella:0.4467
NZ_CP174491.1-86083	U	-	-	Salmonella	enterica	Klebsiella	pneumoniae	False	2.437639	0.1984	Salmonella; Klebsiella; Escherichia; Escherichia; Escherichia; Klebsiella; Escherichia; Klebsiella; Klebsiella; Klebsiella	Salmonella:0.4913 | Klebsiella:0.49 | Escherichia:0.4896 | Escherichia:0.4886 | Escherichia:0.4886 | Klebsiella:0.4883 | Escherichia:0.4871 | Klebsiella:0.4871 | Klebsiella:0.4861 | Klebsiella:0.4861
NZ_CP174492.1-3182	U	-	-	Salmonella	enterica	Streptococcus	pyogenes	False	1.857639	0.494	Staphylococcus; Streptococcus; Streptococcus; Staphylococcus; Klebsiella; Streptococcus; Acinetobacter; Acinetobacter; Streptococcus; Listeria	Staphylococcus:0.4772 | Streptococcus:0.4706 | Streptococcus:0.4662 | Staphylococcus:0.4629 | Klebsiella:0.4615 | Streptococcus:0.4612 | Acinetobacter:0.4602 | Acinetobacter:0.4602 | Streptococcus:0.4597 | Listeria:0.4593
NZ_CP174493.1-182	U	-	-	Salmonella	enterica	Streptococcus	agalactiae	False	4.456615	0.8865	Escherichia; Streptococcus; Streptococcus; Streptococcus; Streptococcus; Streptococcus; Streptococcus; Streptococcus; Streptococcus; Streptococcus	Escherichia:0.5058 | Streptococcus:0.498 | Streptococcus:0.4966 | Streptococcus:0.4962 | Streptococcus:0.496 | Streptococcus:0.4957 | Streptococcus:0.4936 | Streptococcus:0.4936 | Streptococcus:0.4936 | Streptococcus:0.4934
NZ_CP174493.1-405	U	-	-	Salmonella	enterica	Acinetobacter	baumannii	False	3.075043	0.6737	Acinetobacter; Acinetobacter; Acinetobacter; Acinetobacter; Acinetobacter; Acinetobacter; Klebsiella; Klebsiella; Listeria; Escherichia	Acinetobacter:0.5164 | Acinetobacter:0.5164 | Acinetobacter:0.5162 | Acinetobacter:0.5118 | Acinetobacter:0.5118 | Acinetobacter:0.5025 | Klebsiella:0.5017 | Klebsiella:0.5017 | Listeria:0.4995 | Escherichia:0.4982
NZ_CP174493.1-503	U	-	-	Salmonella	enterica	Acinetobacter	baumannii	False	4.279968	0.5706	Acinetobacter; Staphylococcus; Staphylococcus; Staphylococcus; Acinetobacter; Acinetobacter; Acinetobacter; Acinetobacter; Acinetobacter; Acinetobacter	Acinetobacter:0.6138 | Staphylococcus:0.6133 | Staphylococcus:0.6122 | Staphylococcus:0.6122 | Acinetobacter:0.6118 | Acinetobacter:0.6117 | Acinetobacter:0.6117 | Acinetobacter:0.6117 | Acinetobacter:0.6103 | Acinetobacter:0.6088
NZ_AP040262.1-301202	U	-	-	Salmonella	enterica	Salmonella	enterica	True	2.24363	0.6075	Salmonella; Salmonella; Klebsiella; Salmonella; Salmonella; Salmonella; Streptococcus; Escherichia; Escherichia; Listeria	Salmonella:0.4587 | Salmonella:0.4546 | Klebsiella:0.448 | Salmonella:0.4459 | Salmonella:0.4425 | Salmonella:0.4419 | Streptococcus:0.441 | Escherichia:0.4404 | Escherichia:0.4403 | Listeria:0.44
NZ_CP174491.1-24770	U	-	-	Salmonella	enterica	Salmonella	enterica	True	2.460553	0.2872	Salmonella; Salmonella; Salmonella; Salmonella; Staphylococcus; Listeria; Streptococcus; Listeria; Staphylococcus; Listeria	Salmonella:0.6186 | Salmonella:0.6156 | Salmonella:0.6139 | Salmonella:0.6124 | Staphylococcus:0.5916 | Listeria:0.5892 | Streptococcus:0.5844 | Listeria:0.5834 | Staphylococcus:0.5833 | Listeria:0.5814
NZ_CP175711.1-216251	U	-	-	Salmonella	enterica	Salmonella	enterica	True	1.986816	0.2498	Salmonella; Klebsiella; Salmonella; Klebsiella; Streptococcus; Streptococcus; Klebsiella; Acinetobacter; Salmonella; Salmonella	Salmonella:0.5006 | Klebsiella:0.4996 | Salmonella:0.4974 | Klebsiella:0.4963 | Streptococcus:0.4961 | Streptococcus:0.4955 | Klebsiella:0.4946 | Acinetobacter:0.4944 | Salmonella:0.4944 | Salmonella:0.4944
