genome_id	genus	species	split
G1	Acinetobacter	baumannii	test_heldout
G2	Streptococcus	pyogenes	test_heldout
G3	Streptococcus	pyogenes	test_heldout
G4	Streptococcus	pyogenes	train_ref
G5	Streptococcus	pyogenes	test_heldout
G6	Streptococcus	pyogenes	train_ref
G7	Streptococcus	pyogenes	train_ref
G8	Streptococcus	pyogenes	train_ref
G9	Streptococcus	pyogenes	train_ref
G10	Streptococcus	pyogenes	train_ref
G11	Streptococcus	pyogenes	train_ref
G12	Streptococcus	pyogenes	train_ref
G13	Streptococcus	pyogenes	train_ref
G14	Streptococcus	pyogenes	train_ref
G15	Streptococcus	agalactiae	test_heldout
G16	Streptococcus	agalactiae	train_ref
G17	Streptococcus	agalactiae	train_ref
G18	Streptococcus	agalactiae	train_ref
G19	Streptococcus	pyogenes	train_ref
G20	Streptococcus	agalactiae	test_heldout
G21	Streptococcus	agalactiae	train_ref
G22	Streptococcus	agalactiae	train_ref
G23	Streptococcus	agalactiae	train_ref
G24	Streptococcus	agalactiae	train_ref
G25	Streptococcus	agalactiae	test_heldout
G26	Streptococcus	agalactiae	train_ref
G27	Streptococcus	agalactiae	train_ref
G28	Streptococcus	agalactiae	test_heldout
G29	Streptococcus	agalactiae	train_ref
G30	Streptococcus	pneumoniae	train_ref
G31	Streptococcus	pneumoniae	test_heldout
G32	Streptococcus	pneumoniae	train_ref
G33	Streptococcus	pneumoniae	train_ref
G34	Streptococcus	pneumoniae	train_ref
G35	Streptococcus	pneumoniae	test_heldout
G36	Streptococcus	pneumoniae	train_ref
G37	Streptococcus	pneumoniae	train_ref
G38	Streptococcus	agalactiae	train_ref
G39	Streptococcus	pneumoniae	train_ref
G40	Salmonella	enterica	train_ref
G41	Listeria	monocytogenes	train_ref
G42	Salmonella	enterica	test_heldout
G43	Salmonella	enterica	train_ref
G44	Salmonella	enterica	test_heldout
G45	Salmonella	enterica	train_ref
G46	Salmonella	enterica	train_ref
G47	Listeria	monocytogenes	train_ref
G48	Mycobacterium	tuberculosis	train_ref
G49	Mycobacterium	tuberculosis	train_ref
G50	Mycobacterium	tuberculosis	test_heldout
G51	Acinetobacter	baumannii	test_heldout
G52	Acinetobacter	baumannii	train_ref
G53	Acinetobacter	baumannii	train_ref
G54	Acinetobacter	baumannii	train_ref
G55	Acinetobacter	baumannii	train_ref
G56	Acinetobacter	baumannii	train_ref
G57	Acinetobacter	baumannii	train_ref
G58	Acinetobacter	baumannii	train_ref
G59	Acinetobacter	baumannii	train_ref
G60	Acinetobacter	baumannii	test_heldout
G61	Listeria	monocytogenes	test_heldout
G62	Streptococcus	pyogenes	test_heldout
G63	Streptococcus	pneumoniae	test_heldout
G64	Streptococcus	pneumoniae	train_ref
G65	Acinetobacter	baumannii	test_heldout
G66	Streptococcus	pneumoniae	train_ref
G67	Acinetobacter	baumannii	train_ref
G68	Streptococcus	pneumoniae	train_ref
G69	Streptococcus	pneumoniae	test_heldout
G70	Streptococcus	pneumoniae	train_ref
G71	Pseudomonas	aeruginosa	train_ref
G72	Acinetobacter	baumannii	train_ref
G73	Salmonella	enterica	train_ref
G74	Pseudomonas	aeruginosa	test_heldout
G75	Salmonella	enterica	train_ref
G76	Salmonella	enterica	train_ref
G77	Salmonella	enterica	test_heldout
G78	Staphylococcus	aureus	train_ref
G79	Salmonella	enterica	train_ref
G80	Staphylococcus	aureus	train_ref
G81	Salmonella	enterica	test_heldout
G82	Staphylococcus	aureus	train_ref
G83	Salmonella	enterica	train_ref
G84	Staphylococcus	aureus	train_ref
G85	Salmonella	enterica	train_ref
G86	Staphylococcus	aureus	test_heldout
G87	Salmonella	enterica	train_ref
G88	Staphylococcus	aureus	train_ref
G89	Staphylococcus	aureus	train_ref
G90	Staphylococcus	aureus	train_ref
G91	Staphylococcus	aureus	test_heldout
G92	Staphylococcus	aureus	train_ref
G93	Staphylococcus	aureus	train_ref
G94	Staphylococcus	aureus	test_heldout
G95	Staphylococcus	aureus	train_ref
G96	Staphylococcus	aureus	test_heldout
G97	Pseudomonas	aeruginosa	train_ref
G98	Pseudomonas	aeruginosa	test_heldout
G99	Pseudomonas	aeruginosa	test_heldout
G100	Pseudomonas	aeruginosa	train_ref
G101	Pseudomonas	aeruginosa	train_ref
G102	Pseudomonas	aeruginosa	train_ref
G103	Pseudomonas	aeruginosa	train_ref
G104	Pseudomonas	aeruginosa	test_heldout
G105	Pseudomonas	aeruginosa	train_ref
G106	Acinetobacter	baumannii	train_ref
G107	Escherichia	coli	train_ref
G108	Escherichia	coli	test_heldout
G109	Escherichia	coli	test_heldout
G110	Escherichia	coli	train_ref
G111	Escherichia	coli	train_ref
G112	Escherichia	coli	train_ref
G113	Escherichia	coli	train_ref
G114	Escherichia	coli	train_ref
G115	Staphylococcus	aureus	train_ref
G116	Escherichia	coli	train_ref
G117	Escherichia	coli	train_ref
G118	Escherichia	coli	test_heldout
G119	Escherichia	coli	train_ref
G120	Escherichia	coli	train_ref
G121	Escherichia	coli	test_heldout
G122	Klebsiella	pneumoniae	train_ref
G123	Klebsiella	pneumoniae	test_heldout
G124	Klebsiella	pneumoniae	train_ref
G125	Klebsiella	pneumoniae	train_ref
G126	Klebsiella	pneumoniae	train_ref
G127	Klebsiella	pneumoniae	train_ref
G128	Klebsiella	pneumoniae	train_ref
G129	Klebsiella	pneumoniae	train_ref
G130	Klebsiella	pneumoniae	train_ref
G131	Klebsiella	pneumoniae	train_ref
G132	Klebsiella	pneumoniae	test_heldout
G133	Klebsiella	pneumoniae	test_heldout
G134	Klebsiella	pneumoniae	train_ref
G135	Klebsiella	pneumoniae	train_ref
G136	Pseudomonas	aeruginosa	train_ref
G137	Pseudomonas	aeruginosa	train_ref
G138	Pseudomonas	aeruginosa	train_ref
G139	Klebsiella	pneumoniae	test_heldout
G140	Listeria	monocytogenes	train_ref
G141	Pseudomonas	aeruginosa	train_ref
G142	Escherichia	coli	train_ref
G143	Listeria	monocytogenes	train_ref
G144	Listeria	monocytogenes	test_heldout
G145	Listeria	monocytogenes	train_ref
G146	Listeria	monocytogenes	train_ref
G147	Listeria	monocytogenes	train_ref
G148	Listeria	monocytogenes	train_ref
G149	Listeria	monocytogenes	test_heldout
G150	Listeria	monocytogenes	train_ref
G151	Listeria	monocytogenes	train_ref
G152	Listeria	monocytogenes	test_heldout
G153	Listeria	monocytogenes	train_ref
G154	Mycobacterium	tuberculosis	train_ref
G155	Mycobacterium	tuberculosis	test_heldout
G156	Mycobacterium	tuberculosis	train_ref
G157	Mycobacterium	tuberculosis	test_heldout
G158	Mycobacterium	tuberculosis	test_heldout
G159	Mycobacterium	tuberculosis	train_ref
G160	Mycobacterium	tuberculosis	train_ref
G161	Mycobacterium	tuberculosis	train_ref
G162	Mycobacterium	tuberculosis	train_ref
G163	Mycobacterium	tuberculosis	train_ref
G164	Mycobacterium	tuberculosis	train_ref
G165	Mycobacterium	tuberculosis	train_ref
